DRG._NUMBER,ALT_NUMBER,SPEC_NUMBER,ITEM_NUMBER,AMENDMENT_NO,SK_NUMBER,QUANTITY,REV_NUMBER
Drg.No CC 64359 ,,SPECN No-2 ,,,,,
Drg No BEML/LH-13155-1 ,Alt-3 ,,,,,,
,,,ITEM NO 7 ,,SK NO 39/2004 ,,
Drg No BEML/411-13155-1 ,Alt.3 ,,,,,,
,,,,,,,
,,,,,,,
,ALT NO.-NIL ,,ITEM NO.-1 ,,SK NO LLH-20-89 ,,
,ALT NO.-NIL ,,,,SK NO LLH-13-2003 ,,
Drg No ICF/,,,,,SK/5-5-024 ,,
Drg No.- CG-14070 ,Alt No Latest ,,Item No.- 01 ,,,,
,,,,,,,
drg No T-5-5-636 ,,,,,,,
,Alt Nil ,,,,Sk No.- 9/2006 ,,
,,,,,Sk No.- LLH-04/2002 ,,
,,,,,,,
,,,,,Sk No LLH-14/2005 ,,
Drg No.- ICF Item-1 ,Alt.-h/2 ,,,,Sk No.- T-0-4-042 ,,
,,,,,,,
Drg No.- Item No.- 9 ,Alt.- 5 ,,,,Sk.-97003 ,,
Drg No.- Item-6 ,Alt.-5 ,,,,Sk.-97003 ,,
,,,,,,,
DRG.NO.-M1006365 ,ALT NO.-NIL AND RDSO S NO ,SPECN C-K513 ,,AMENDMENTS [ LAST AMENDMENT SLIP NO 5 ,,,REV-0 
DRG NO.CG-15033 ,,,,,,,
Drg No.- WFC-5-4-001 ,,,Item No.- 18 ,,,,
Drg No.- WFC-5-4-001 ,,,Item No.- 17 ,,,,
,,,,,,,
,,,,,,,
Drg No.- Item-6 ,Alt.-5 ,,,,Sk.-97003 ,,
Drg No.- WD-94068-,,,,,,,
Drg No.- WD-94068-,,,,,,,
,,,,,Sk.No.- LLH 11/2015 ,,
,,,,,Sk No.- LLH-04/2002 ,,
,,,,,,,
,,,,,,,
Drg No.- ICF/VNR-5-4-202 ,,,,,,,
Drg No.- CG-K 7045 ,,,,,,,
Drg No.- AE-61698 ,,,,,,,
Drg No.- ICF Only Dimension ,,,,,Sk 5-5-030 ,,
Drg No.- LB-54105 ,Alt.- Nil ,,,,,,
,,,,,,,
,,,Item no-7 ,,Sk No.- 39/2004.,,
Drg No.- CG 15034 ,Alt No.- Nil ,,Item No.- 2 ,,,,
Drg.No CG-15036 ,Alt-1 ,,Item No.8 ,,,,
,,,Item No 1 01 ,,,,
Drg No.- consisting four 04 ,,,,,Sk.No.- LLH.23/2010 ,,
Drg No.- CC-64359 ,,,Item No.- 2 ,,,,
Drg No.- WFC-5-4-001 ,,,Item No.- 03 ,,,,
Drg No.- WFC-5-4-001 ,,,Item No.- 02 ,,,,
DRG NO T-0-3-680 ,"ALTED DESIGN TO ITEM-1,2,3,4 5 ",,,,,,
,,,,,,,
,Alt.No.nil ,,,,SK.NO.LLH-12/2003 ,,
Drg No.- C/CF-311 ,,,,,,,
,,,Item No.- 1 3 5 ,,Sk.No.- 08/,,
Drg No.- WFC-5-4-001 ,,,Item No.- 02 ,,,,
Drg No.- WFC-5-4-001 ,,,Item No.- 03 ,,,,
Drg No.- 61468 ,Alt.- B ,,,,,,
,,,,,,,
Drg No.- AE-61519 ,Alt.- C ,,,,,,
Drg No CG-15036 ,Alt No.-3 ,,Item No.-8 ,,,,
Drg No CC 61297 ,,,,,,,
,,,,,,,
,,,,,SK NO LLH 1412005 ,,
,,,,,Sk No.- 04/2002 ,,
Drg No.- Item No.- 9 ,Alt.- 5 ,,,,Sk.-97003 ,,
,,,,,Sk.No.- LLH-04/2002 ,,
Drg.No.- RDSO ,,,,,Sk.-K-3008 ,,
Drg.No.- CG15034 ,Alt.No.- NIL ,,Item No.- 2 ,,,,
,,,Item No.- 1 3 5 ,,Sk.No.-LLH-08/,,
,,,,,,,
Drg No.- Item No.- 9 ,Alt.- 5 ,,,,Sk.-97003 ,,
,,,Item No.1 ,,,,
Drg No.- WD-94068-,,,,,,,
Drg No.- WD-94068-,,,,,,,
drg CG- 15033 ,,,,,,,
"drg ICF/Col-1,2 3 1 ",,,,,SK-3-1-1-178 ,,
Drg No CG- 15032 ,,,,,,,
,,,,,,,
,,,Item No.1 ,,,,
,,,,,,,
,,,,,,,
Drg No CC 61297 ,,,,,,,
Drg No ICF Item 1 ,Alt.- h/2 ,,,,Sk.No.- T-0-4-042 ,,
DRG NO CG11088 ,,,,,,,
DRG NO CG11088 ,,,,,,,
,,,,,,,
,,,,,Sk.No.- 9/2007 ,,
Drg No.- Item No.- 9 ,Alt.- 5 ,,,,Sk.-97003 ,,
Drg No.- ICF/,,,,,SK/5-5-024 ,,
,,,ITEM NO.7 ,,SK NO.39/2004 ,,
DRG NO -SCN6-6-1-606 ,ALT-X/NIL.MATERIAL-AISI-304 ,,ITEM NO-22 ,,,,
DRG.NO.RDSO ITEM NO.5 ,ALT NO.3 ,,,,SK-88105 ,,
Drg attached ,,,,,SKETCH NO K 1054 ,,
,,,,,,,
drg No T-5-5-636 ,,,,,,,
,,,,,,,
Drg No.- Item No.- 9 ,Alt.- 5 ,,,,Sk.-97003 ,,
Drg No.- ICF/,,,,,SK 3-6-1-046 ,,
DRG.NO LLH-20/89 ,ALT-NIL ,,,,,,
,,,,,skid 0.5 ,,
,,,,,Sk.No.- 04/2002 ,,
,,,,,,,
DRG NO ICF/STD-1-2-001 ,Alt-K/5 ,,,,,,REV-2 
,ALT.-1 ,,,,SK-96074 ,QTY IN NUMBER ,
,,,,,,,
DRG ICF/STD-8-3-011 ,,SPECN ICF/MD/SPECN-253 ,,,SK3-6-039 ,,
DRG NO.-LB10322 ,ALT NIL ,,,,,,
DRG.140-8-3-011 ,,,,,,,REV.00 1 
DRG NO CA03100 ,ALT B ,,,,,,
DRG NO CA04100 ,ALT b ,,,,,,
DRG NO CA03105 ,ALT C ,,,,,,
DRG NO.- LW56429 ,ALT ,,,,,,
DRG NO CA03100 ,ALT b ,,,,,,
DRG NO CA03105 ,ALT C ,,,,,,
DRG.140-8-3-011 ,,,,,,,REV.00 1 
DRG.140-8-3-011 ,,,,,,,REV.00 1 
DRG NO.-LW 61230 ,ALT- ,,,,,,
DRG NO CA03105 ,ALT C ,,,,,,
DRG NO G/SD3-693.,,,,,,,
DRG NO 1356176 ,,,,,,,
DRG NO MI005986 ,ALT b OR LATEST ,,,,,,
DRG ICF/STD-8-3-011 ,,SPECN ICF/MD/SPECN-253 ,,,SK 3-6-4-039 ,,
DRG ICF/STD-8-3-011 ,,SPECN ICF/MD/SPECN-253 ,,,SK 3-6-4-039 ,,REV LATEST CONSISTS OF 1 
DRG NO CA03105 ,ALT C ,,,,,,
,,,,,SK-96074 ,QTY IN NOS RDSO/ALT 1 ,
DRG ICF/STD-8-3-011 ,,SPECN ICF/MD/SPECN-253 ,,,SK3-6-039 ,,
,,,,,SK-96074 ,QTY IN NOS RDSO/ALT-1 ,
,,,,,,,
,,,,,,,
,ALT NIL DRAWING COPY ATTACHED IN DOCUMENT FILE ,,,,,,
,,,,,,,
,,,,,,,
,,,,,,,
DRG NO CG-15032 ,,,,,,,
DRG NO CG-15033 ,,,,,,,
DRG NO 1356176 ,,,,,,,
,,,,,,,
DRG NO.- LW56429 ,ALT ,,,,,,
DRG NO.-LW 61230 ,ALT- ,,,,,,
DRG ICF/STD-8-3-011 ,,SPECN ICF/MD/SPECN-253 ,,,SK 3-6-4-039 ,,
DRG ICF/STD-8-3-011 ,,SPECN ICF/MD/SPECN-253 ,,,SK 3-6-4-039 ,,REV LATEST CONSISTS OF 1 
,,,,,,,
,ALT NIL DRAWING COPY ATTACHED IN DOCUMENT FILE ,,,,,,
DRG NO 1356176 ,,,,,,,
DRG NO WGSCWAC-6-4-027 ,,,,,,,
DRG.NO G/SD 3-460 ,,,,,,,
DRG NO-LW 61230 ,ALT ,,,,,,
,,,,,SK-96074 ,QTY IN NOS RDSO/ALT-1 ,
DRG ICF/STD-8-3-011 ,,SPECN ICF/MD/SPECN-253 ,,,SK3-6-039 ,,
Drg No G/SD3-693 ,,,,,,,
DRG ICF/STD-8-3-011 ,,SPECN ICF/MD/SPECN-253 ,,,SK3-6-039 ,,
DRG NO LB10321 ,ALT NIL ,,,,,,
DRG NO CG-15036 ,,,,,,,
DRG NO CG-15036 ,,,,,,,
DRG NO CG-15032 ,,,,,,,
DRG NO CG-15036 ,,,,,,,
DRG NO CG-15033 ,,,,,,,
DRG.NO G/SD 3-460 ,,,,,,,
,,,,,SK-722 ,,
DRG ICF/STD-8-3-011 ,,SPECN ICF/MD/SPECN-253 ,,,SK3-6-039 ,,
Drg MI005568 ,,,,,,,
,,,,,,,
,,,,,,,
,,,,,,,
Drg MI005569 ,,,,,,,
,,,,,Sketch coaching maintenance manual- Ref Stone india ltd. Drg no.59.91.0201 ,,
,,,,,,,
,,,,,,,
,,,,,,,
,,,,,,,
,,,,,,,
Drg CC 56437 ,,,,,,,
,,,,,,,
,,,,,,,
,,,,,,,
,,,,,,,
,,,,,,,
,,,,,,,
,,,,,,,
,,,,,,,
,,,,,SK-005 ,,
,,,,,,,
,,,,,,,
,,,,,SK-005 ,,
Drg ICF/Alt m/7. ,,,,,SK-6-3-425 ,,
,alt Black Decker Chicago Pneumatic ,,,,,,
,,,,,,,
,,,,,,,
drg no.3 ,,,,,,,
,,,,,,,
,,,,,,,
,,,,,,,
drg no.3 ,,,,,,,
,,,,,,,
,,,,,,,
,,,,,,,
Drg 1,,,,,,,
,,,,,,,
,,,,,,,
Drg.no ICF/Spec As per Annexure ,,,,,SK-6-3-481 ,,
,alt black decker ,,,,,,
,,,,,,,
,,,,,,,
,,,,,,,
,,,,,,,
,,,,,,,
,,,,,,,
,,,,,,,
,,,,,,,
,,,,,,,
Drg no.ST 1423 ,,,,,,,
Drg no.ST 1310 ,,,,,,,
,,,,,,,
,,,,,,,
,,,,,,,
,,,,,,,
,,,,,,,
,,,,,,,
,,,,,,,
,,,,,,,
,,,,,,,
Drg ICF/,,,,,SK-6-3-481 ,,
,,,,,,,
,,,,,,,
Drg No CG-11089 ,,,,,,,
,,,,,,,
,,,,,,,
,,,,,SK.465 ,,
,,,,,,,
,,,,,SKAN Instruments ,,
,,,item no.3 30 ,,,QTY- 01 ,
,,,,,,,
,,,,,SK-711 ,,
,,,,,,,
,,,,,,,
,,,,,,,
,,,,,,,
,,,,,,,
,alt black decker ,,,,,,
drg No M1005854 ,Alt C DIN 3055,,Item No.-5 ,,,,
,,,,,,,
,,,,,,,
,,,,,,Qty-01 ,
Drg JUDW/MECH/14-651 ,,,,,,,
,,,,,,,
,,,,,,,
,,,,,Sketch 81110 ,,
,,,,,,,
,,,,,,,
drg no.3 ,,,,,,,
,,,,,,,
,Alt-2 ,,,,SK-K-3001 ,,
Drg No 3,,,,,,,
,,,,,Sketch 81110 ,,
,,,,,,,
,,,,,,,
,alt black decker ,,,,,,
,,,,,,,
,,,,,,,
,,,,,,,
,,,,,,,
,,,,,,,
,,,,,,,
Drg LD61134 ,,,,,,,
,,,,,,,
drg No M1005854 ,Alt C DIN 3055,,Item No.-5 ,,,,
,,,,,,,
,,,,,sky- martens closed cup facilities Lab Bio Diesel Testing Detail 1 .,,
,,,,,,,
,,,,,,,
,,,,,,,
,,,,,,,
,,,,,,,
,,,,,,,
Drg no.ST 1310 ,,,,,,,
Drg no.ST 1423 ,,,,,,,
,,,,,,,
drg no.3 ,,,,,,,
,,,,,,,
,,,,,,,
drg no.3 ,,,,,,,
,,,,,,,
Drg.No Mech/C W/WB HCV 1 ,,,,,sket Teflon Handle forgea IS 1875 ,,
,,,,,,,
,,,,,Sketch coaching maintenance manual- Ref Stone india ltd. Drg no.59.91.0201 ,,
Drg SSB/BIO/JP/15/01 ,,,,,,,
Drg Make- Escorts Faiveley Knoor-Bremse Gates.SIL ,,,,,SKETCH K-1054 ,,
,,,,,,,
Drg LW56353 ,,,Item no.23 ,,,,
,,,,,,,
Drg No ICF/STD-5-6-015 ,ALT g ,,,,,,
Drg C W/JP/16/01 ,,,,,,,
,,,,,,,
,,,,,,,
Drg.No Mech/C W/WB HCV 1 ,,,,,,,
,,,,,,,
,,,,,,,
,,,,,,,
,alt Black Decker ,,,,,,
,,,,,,,
,,,,,,,
,,,,,,,
,,,,,Sketch coaching maintenance manual- Ref Stone india ltd. Drg no.59.91.0201 ,,
,,,,,sketch enclosed material approved consignee supply ,,
,,,,,,,
,,,,,,,
,,,,,,,
,,,,,,,
,,,,,,,
,,,,,,,
,,,,,SKAN Instruments ,,
,,,,,,,
,,,,,,,
,,,,,,,
Drg No CC 35338 ,alt.b -U clamp 25 ,,,,,Qty-01 2 ,
,,,,,,,
,,,,,,,
,,,,,,,
DRG.NO.LW56429 ,,,,,,,
,,,,,,,
,,,,,,,
,,,,,,,
,,,,,,Qty-02 ,
,,,,,,,
,,,,,,,
,,,,,,,
,,,,,,,
,,,,,,,
,,,,,,,
,,,,,sker Compressor Oil K-smart KPCL part 270.02.478.50 ,,
,,,,,,,
,,,,,,,
,,,,,,,
,,,,,,,Rev 00 05 
Drg Make- Escorts Faiveley Knoor-Bremse Gates ,,,,,SKETCH K-1054 ,,
,,,,,SKAN instruments ,,
,,,,,,,
,,,,,,,
,,,,,,,
,,,,,sket cord plug work 220/230 ,,
,,,,,sktop PC/Laptop connectivity inbuilt Li-ion battery Make- Victory/Alcohawk/Backtrack/Preksha ,,Rev.0 -2003 
,,,,,,,
Drg No WPCTAC-5-4-005 ,,,,,,,
,,,,,,,
Drg WPCTAC-5-4-005 ,,,,,,QTY- 01 ,
,,,,,,,
,,,,,,,
,,,,,,,
,,,,,,,
,,,,,,,
Drg No CG-11089 ,,,,,,,
,,,,,,,
,,,,,,,
,,,,,,,
,,,,,,,
,,,,,,,
,,,,,,,
,,,,,,,
Drg No LW56430 ,,,,,,,
,,,,,,,
Drg.No MI005986 ,Alt.Nil For Bio-Toilet Each Type 25 ,,Item No.10 ,,,,
,,,,,Sketch 81110 ,,
,,,,,SK-711 ,,
,,,,,,,
,,,,,,,
,,,,,,,
Drg.No CWM/M/JU/a IR DRDO Bio toilet use ,,,,,SK 1174,,
,,,,,,,
,,,,,,,
Drg No.LW-54143 ,,,,,,,
,,,,,,,
,,,,,,,
,,,,,,,
,,,,,Sketch coaching maintenance manual Make- Escorts/SAB WABCO similar ,,
,,,,,,,
,,,,,,,
,,,,,,,
Drg No MI005979 ,alt C Bio -Toilet use ,,,,,,
,,,,,,,
,,,,,,,
,alt ,,,,,,
DRG.NO.LW56429 ,,,,,,,
,,,,,SKAN Instrument ,,
,,,,,,,
,,,,,SKAN instruments ,,
,,,,,,,
,,,,,,,
,,,,,,,
,,,,,,,
Drg No ICF/STD-5-6-015 ,ALT g ,,,,,,
DRG.NO.LW56429 ,,,,,,,
,,,,,,,
,,,,,,,
,,,,,,,
,,,,,,,
,,,,,,,
,,,,,,,
,,,,,,,
,,,,,,,
,,,,,,,
,,,,,,,
,,,,,,,
,,,,,,,
,,,,"amdt 1,2 3 ",,,
,,,,,,,
,,,,,,,
,,,,,,,
,,,,,,,
,,,,"amdt 1,2 3 ",,,
Drg MI005145 ,,,,,,,
,,,,,,,
,,,,,,,
,,,,,,,
,,,,,,,
,,,,"amdt 1,2 3 ",,,
,,,,,,,
,,,,,,,
,,,,,,,
,,,,,,,
,,,,,,,
,,,,,,Qty Per Set- 02,Rev-04 
,,,,,SK-005 ,,
,,,,,,,
DRG No LW 71245 ,,,,,,,
DRG No LW 71249 ,,,,,,,
,,,,,,,
,,,,"amdt 1,2 3 ",,,
,,,,,,,
Drg No Alt 15 ,,Specn RDSO/2009/CG-17 ,Item No.7 ,,SK-81039 ,,Rev.1 
,,,,,,,
Drg No Alt 15 ,,Specn RDSO/2009/CG-17 ,Item No.7 ,,SK-81039 ,,Rev.1 
,,,,,sket 42002-2 01 ,,
,,,,,,,
,,,,,,,
,,,,,,,
,,,,,,,
,,,,,,,
Drg No MI005328 ,,,,,,,
DRG No MI005569 ,,,,,,,
,,,,,,,
,,,,,,,
,,,,,,,
DRG No LW 71248 ,,,,,,,
,,,,,,,
,,,,,,,
,,,,,,,
,,,,,,,
,,,,,,,
Drg MI005145 ,,,,,,,
,,,,,,,
,,,,,sketch enclosed material approved consignee supply ,,
Drg MI005145 ,,,,,,,
drg.no JUDW/Mech/16-656 ,,,,,,,
,,,,,Sketch 81110 ,,
,,,,,,,
,,,,,,Qty 04 ,
,,,,,,,
,,,,,,,
,,,,,,qty Total 02 ,
Drg No CDO/JP/16/03 ,,,,,,,
,,,,,sketch enclosed material approved consignee supply ,,
drg No M1005854 ,Alt C DIN 3055,,Item No.-5 ,,,,
Drg No ,,,,,SK-1050-2 ,,
,,,,,,,
Drg MI005568 ,,,,,,,
drg JUDW/MECH/16-656 ,,,item No 2 ,,,,
Drg MI005145 ,,,,,,,
,,,,,,,
,,,,,,,
,,,,,,,
,,,,,,,
,,,,,,,
,alt/KPT Only As per enclosed detail Annexure A ,,,,,,
Drg No 2,,,,,SK10.6176 ,,
drg No M1005854 ,Alt C ISI Mark Make- available ,,Item No.-5 ,,,,
,,,,,ska make inflatable Emergency Lighting towers ,,
,,,,,,,
,,,,,ska make inflatable Emergency Lighting towers ,,
,,,,,,,
,,,,,,,
Drg No CDO/JP/16/01 ,,,,,,,
,,,,,,,
,,,,,,,
,,,,,,,
Drg No 2,,,,,SK10.6176 ,,
drg ICF/,,,,,SK-6-3-440 ,,
,,,,,,,
Drg.no JUDW/Mech/14-651 ,,,Item no.5 ,,,,
,,,,,,,
,,,,,,,
,,,,,,,
,,,,,,,
,,,,,,,
,,,,,sketch enclosed material approved consignee supply ,,
,,,,,,,
,,,,,,,
,,,,,,,
,,,,,sketch enclosed material approved consignee supply ,,
,,,,,,,
,alt DWD014 ,,,,,,
,,,,,,,
,,,,,,,
Drg ICF/,,,,,SK-6-3-481 ,,
,,,,,,,
DRG NO LD 64120 ,,,,,,,
DRG NO LW 56362 ,,,,,,,
Drg MI005569 ,,,,,,,
,,,,,,,
Drg No CDO/JP/16/01 ,,,,,,,
,,,,,,,
,,,,,,,
,,,,,,,
,,,,,,,
Drg MI005568 ,,,,,,,
,,,,,,QTY 02 ,
DRG.NO ICF/DMU/DPC/JK-S-1-014 ,,,,,,,
DRG.NO -DMU/JUC-M/BRAKE BEAM SLEEVE ATTACHED HEREWITH ,,,,,,,
,,,,,,,
,,,,,,,
DRG.NO.WLRRM-0-4-003 ,ALT f AND 4 ,,,,,,
DRG NO WD-09034-,ALT.2 ,,ITEM NO.1 ,,,,
DRG NO WD-11058-,ALT 4 ,,,,,,
,,,,,,,
,,,,,,,
,,,,,,,
,,,,,,,
,,,,,,,
,,,,,,,
,,,,,,,
,,,,,,,
,,,,,,,
,,,,,,,
,,,,,,,
,,,,,,,
,,,,,,,
,,,,,,QTY 02 ,
,,,,,,QTY 02 ,
,,,,,,QTY 02 ,
,,,,,,,
,,,,,,,
,,,,,,,
,,,,,,,
,,,,,,,
,,,,,,,
Drg.No Confirming RDSO Spec.No C-K009 ,,,,Amendement No 1 ,SK-613 ,,Rev-2 
,,,,,,,
Drg.no.SCR/C W/ C Item No 1 ,,,Item No 3 ,,Sketch No.1211/,,
Drg No.ICF per latest alt 07 2009 ,,,item No.8 ,,SK-6-3-425 ,,
,,,,,,,
Drg.No.WD-92081-,Alt.1 ,,,,,,
,,,Item No 2 ,,Sketch CG-K6070 ,,
DRG No ADME/CBE/D/C-014 ,,,,,,,
,,,,,skid 3. ,,
,,,,,,,
,alth faucet Tube Hook similar model Allied 54 ,,,,,,
,,,,,,,
,,,,,,,
,,,,,,,
,,,,,,,Rev Amnd.2 
Drg No.ICF per latest alt 07 2009 ,,,item No.11 ,,SK-6-3-425 ,,
Drg.No.ICF/AS PER LATEST ALT M 07/2009 ,,,item No.10 ,,SK-6-3-425 ,,
,,,,,Sketch-K1054 ,,
DRG No Confirming RDSO Spec No C-K009 ,,,,Amendment No 1 ,SK-1650 ,,Rev-2 
,,,,,,,
,,,,,,,
,,,,,,,
Drg No WD-88123-,alt.-02 ,,,Amend No 03 ,,,
,,,,,,,
,,,,,,,
,,,,,,,
,,,,,,,
,,,,,,,
,,,,,,,
,,,,,,,
Drg.No Alt.5 ,,Specn 02-ABR-02 ,,Amendement No 3 ,SK-73549.,,
,,,,,,,
Drg.No Alt-02 ,Alt-4 ,,,,SK-97017 ,Qty/Kit 01 ,
,,,,,,,
Drg.no EMU/M-0-2-005 ,Alt-n ,,,,,,
,,,,,,,
,,,,,,,
,,,,,,,
,,,,,,,
Drg No M1005986 ,Alt-b Note -Past Performance item enclosed firms otherwise offer passed Preferred DP EX-STOCK ,,,,,,
,,,,,,,
Drg.No ICF/MRVC/M-6-2-002 ,Alt- g ,,,,,,
DRG NO ST 971207 ,,,,,,,
Drg.No SCR/C W/C item-1 ,Alt-nil Inspection BY RITES ,,,,Sketch No 1212/,,
Drg.No.CLW ES I 25 ,,,,,,,
,,,,,,,
,,,,,,,
,,,,,,,
DRG No Comfirming RDSO Spec No C-K009 ,,,,Amendment No 1 ,SK-612 ,,Rev-2 
DRG No confirming RDSO SPEC No C-K009 ,,,,Amendment No 1 ,SK-575 ,,Rev.-2 
Drg No.SC/Chg Misc./01/2015 ,,,,,,,rev.00 
Drg No.SC/Chg Misc./01/2015 ,,,,,,,rev.00 
,,,,,,,
,,,,,,,
,,,,,,,
,,,,,,,
,,,,,,,Rev.03 
Drg No.SC/Chg/ Misc./01/2015 ,,,,,,,rev.00 
DRG NO.ICF/STD-6-4-004 ,Alt g/5 ,,,,,,
Drg No.SC/Chg Misc./01/2015 ,,,,,,,rev.00 
,,,,,,,
,,,,,,,
,,,,,,,
DRG NO.CONFIRMING TO RDSO SPEC.NO.C-K009 ,,,,AMENDMENT NO.1 ,SK-611 ,,REV-2 
,,,,,,,
,,,,,,,
,,,,,,,
,,,,,,,
Drg No M1005986 ,Alt-b Note -Past Performance BIO TOILET SPARES enclosed firms along offers otherwise offer passed Past performance i.e R.Notes Acceptabnce material Preferred DP EX-STOCK ,,,,,,
Drg.No ICF/STD-6-3-107 ,Alt-Nil ,,,,,,
Drg.No 1901352 ,,,,,,,
,,,,,,Qty/Kit 04 ,
Drg.No.CG-11088 ,Alt-Nil ,,,,,,
,,,,,,,
Drg No.CC 56408 ,Alt-d ,,,,,,
,,,,,,Qty/Kit 04 ,
,,,,,,Qty-10 ,
,,,,,,,
,,,,,,,
,,,,,,,
,,,,,,,
,,,,,,,
,,,,,,,
,,,,,,,
,,,,,,,
,,,,,,,
,,,,,,,
,,,,,,Qty 08 ,
,,,,,,,
,,,,,,,
,,,,,,,
DRG.NO SAB A4 7270627 ,,,,,,,
,,,,,,,
,,,,,SKI R7 ,,
DRG.NO..SC/DIV/C W/IND/01 02 ,,,,,,,
,,,,,,,
,,,,,,,
,,,,,,,
,,,,,,,
Drg No SCR/LGD/J T Drg No A3-3487 ,Alt-Nil ,,,,,,
,,,,,,,
,,,,,,,
,,,,,,Qty 01 ,
Drg.No 04702555 ,,,,,SK-10-2-420 ,,Rev No 2 
,,,,,,,
Drg.No ICF/MRVC/M-6-2-002 ,Alt- g ,,,,,,
Drg WCB-6-4-122 ,alt-x ,,,,,,
Drg.No CWM/M/JU/a ,,,,,SK 1174,,
Drg No J T/A4/,,,,,SK No 3670 ,,
,,,,,SK No 3669 ,,
,,,,,SKI R7 ,,
,,,,,,,
Drg.No C W. LGD.Item-1 ,Alt Nil ,,,,SK.NO 0922 ,,
,,,,,,,
Drg.No LW 61230 ,Alt.d ,,,,,,
Drg No CG-K4026 ,Alt.1 ,Specn 2062 ,,,,,Rev-02 
,Alt 02 ,,,,SK-10-2-420 ,,Rev No.2 
,Alt-q/2 ,,,,SK 5-5-018 ,,
,,,,,,,
,,,,,,,
,,,,,,,
DRG.No.3,,,,,,,
,,,,,,,
DRG No.3,,,,,,,
,,,"item no.1,2,3 4 ",,SK.No.1210.,,
,,,,,,,
,,,,,,,
,,,,,,,
,,,,,,,
,,,,,,,
Drg No BHEL Drg.No 15801130009,,,,,,,
Drg.No SCR/C W/Component powder coated smoke grey shade ,,,,,Sketch No 0643 ,,
Drg.No ICF/Col-I Alt-Nil ,,,,,SK-3-6-4-035 ,,
Drg.No ICF/Col-I Alt-Nil ,,,,,SK-3-6-4-035 ,,
,,,,,,,
,,,item No.2 ,,SK-3-5-263 ,,
Drg.NO ICF/Col-I alt-a ,,,,,SK-3-6-3-137 ,,
Drg.No ICF/Alt.k Item 2 ,,,,,SK-5-4-274 ,,
Drg.No ICF/Alt.k Item 2 ,,,,,SK-5-4-274 ,,
Drg No ICF/STD-6-3-018 ,,,,,,,
Drg.No ICF/STD-3-5-066 ,Alt-a Note -To procured ICF Approved vendors ,,,,,,
DrgNo CC 53105 ,Alt.C ,,,,,,
,,,,,,,
,,,,,,,
,,,,,,,
Drg.No.T-0-7-603 ,Alt-A/15 ,,,,,,
,,,,,SKID SPECIFICATION ATTACHED ,,
DRG NO LOAD SENSING DEVICE III 3,,,ITEM NO 3 2 ,,,,
,,,,,SK- 001 ,,
DRG NO LOAD SENSING DEVICE III 3,,,ITEM NO 3 2 ,,,,
,,,,,,,
Drg.No 14391441002,,,,,,,
Drg.No 2580130024,,,,,,,
Drg.no 34391741001,,,,,,,
Drg No CDO/HYB/PANTRY/001/2015 ,,,,,,,
,,,,,,,
Drg Rev.1 2012 ,Alternator per RDSO ,,Item No 1 ,,SKEL-3943 ,,
,alternator use Godraj FLT Model No GX-300,,,,,,
,,,,,,,
,,,,,,,
,,,,,,Qty per set 1 ,
,,,,,,,
,,,,,,Qty/Kit 04 ,
Drg MI005986 ,alt-b Note -Offers sources approved RCF considered ,,,,,,
,,specn.No.IRS.S.96/2000 ,,,,,
DRG NO T. 0 1- 644 ,,,,,,,
DRG NO T. 0 1- 644 ,,,,,,,
,,,,,,,
,,,,,,,
,,,,,SK 722 ,,
,,,,,SK 711 ,,
Drg No C W-99 ,,,,,,,
,,,,,,,
Drg.No ICF/Altg.k Item 2 ,,,,,SK-5-4-274 ,,
,Alt.b Note Offers RCF Approved sources considered ,,,,,,
,,,,,,,
Drg.No ICF/standard length 20 ,,,,,SK-5-4-263 ,,
DrgNo CC 53105 ,Alt.C ,,,,,,
Drg.No 3,Alt-06 ,,,,SK-10-2-421 ,,Rev No.03 
Drg.No 3,Alt-06 ,,,,SK-10-2-421 ,,Rev No.03 
Drg.No 3,Alt-06 ,,,,SK-10-2-421 ,,Rev No 03 
,,,,,,,
DRG No.3,,,,,,,
,,,,,,,
,,,,,,,
,,,,,,,
DRG.No.3,,,,,,,
,,,Item No 2 ,,Sketch CG-K6070 ,,
,,,,,,,
,,,,,,,
,,,,,,,
,,,,,sket Part No.731,Qty 02,
,,,,,,,
,,,,,SK.K 3001 ,,
,,,,,,,
,,,,,,,
Drg.No.ICF/Col-I ,,,,,SK-4-2-097 ,,
,,,,,,,
,,,,,,,
,,,,,SKI SPIRAL OF DIVERSEY SIGLA NEUTRAL OF ECOLAB Specification Specific gravity @ 25,,
,,,,,,,
,,,,,,,
,,,,,,,
,,,,,,QTY.PER set annexure attached ,
,,,,,,,Rev 00 
,,,,,,,
DRG NO WD-05086-,ALT.NO.08 ,,ITEM NO.2 ,,,,
,,,,,,,
,Alt P 2 ,,item no.1 ,,,,
,,,,,SKI RI super DIVERSEY SIGLA NEUTRAL OF ECOLAB Specification Specific gravity @ 25,,
DRG NO RDSO ,,,,,SK-K-3008 ,,
DRG.NO 081-07-231-086 ,,,,,,,
Drg No WD- 91071-,ALT.9 ,,,,,,
,,,,,,,
Drg.No W/BD 2252 ,ALT4 ,,,,,,
Drg.No.ICF/,,,,,SK 5 5 039 ,,
,,,,,,,
,,,,,,,
Drg No.WD -92081 -- ,Alt.10 ,,,,,,
DRG NO LOAD SENSING DEVICE III 3,,,ITEM NO 3 2 ,,,,
,,,,,,,
,,,,,,,
,,,,,,,
,,,,,,,
Drg.no.WD-92081-,Alt- 10 ,,,,,,
,,,,,,,
,,,,,,,
,,,,,,,
DRG NO LOAD SENSING DEVICE III 3,,,ITEM NO 3 2 ,,,,
,,,,,,,
,,,,,,,
Drg.No.ICF.No.T-5-1-102 ,Alt Y ,,Item No 1 ,,,,
,,,,,,,
,,,,,,,
,,,,,,,
,,,,,,,
DRG.NO.SC/CHG/MISC/01/2015 ,,,,,,,REV.00 
Drg.No.CLW ES I 25 ,,,,,,,
,,,,,,,
Drg No.SC/Chg Misc./01/2015 ,,,,,,,rev.00 
,,,,,,,
,,,,,,,
Drg.No.item -- 1 ,Alt -- 2 ,,,,Sketch -- 99059 ,,
,Alt P 2 ,,item no.1 ,,,,
Drg.No.ICF.No.T-5-1-102 ,Alt Y ,,Item No 1 ,,,,
,,,,,,,
,,,,,,,
,,,,,,,
,,,,,,,
,,,,,,,
Drg.no T-2-2-602 ,,,,,,,
Drg.No M.C W.LTT.Soap container casing.dt 15.10.2007 ,,,,,,,
,,,,,,,
,,,,,,,
,,,,,,,
,,,,,,,
,,,,,SKID SPECIFICATION ATTACHED ,,
,,,,,,,
Drg No CONTR 9404- ,Alt 11 ,,,,,,
,,,,,,,
,,,,,,,
,,,,,,,
,,,,,,,
,,,,,,,
,,,Item No 2 ,,Sketch CG-K6070 ,,
,,,,,,QTY.PER set annexure attached ,
Drg.No 3,Alt-05 ,,,,SK-10-2-421 ,,Rev No:03 
,,,,,,Qty/Kit 04 ,
Drg No M1005645 ,alt.nil ,,,,,,
,,,,,sky/ Kirloskar/ Comp Air OEM Authorised Dealers quote valid certificate Note Pressure Test Certificate enclosed Competent Authority supplied tanks ,,
Drg.No 3,Alt-05 ,,,,SK-10-2-421 ,,Rev No:03 
,,,,,,,
,,,,,,,
Drg.No 3,Alt-06 ,,,,SK-10-2-421 ,,Rev No 03 
,,,,,,,
,,,,,,,
DRG.NO .CG-11089 ,ALT-1 ,,,,,,
Drg no.SNF/SC/HB/002/16 ,,,,,,,
,,,,,,,
,,,,,,,
,Alt-1 ,,,,SK.NO.K2036 ,,
Drg No ST-971207 ,,,,,,,
,,,,,,,
Drg.No SC/Chg/misc/01/2015 ,,,,,,,Rev.00 
Drg SSE/C W/SC/,,,,,SK-001 ,,
,,,,,,,
,,,,,,,
Drg.N0.,,,,,,,Rev.00 
Drg.N0.,,,,,,,Rev.00 
Drg.N0.,,,,,,,Rev.00 
Drg.N0.,,,,,,,Rev.00 
Drg.N0.,,,,,,,Rev.00 
,,,,,,,rev amnd.2 
Drg.N0.,,,,,,,Rev.00 
Drg.N0.,,,,,,,Rev.00 
Drg.no T-5-5-527 ,Alt.p/18 ,,,,,,
,,,,,,,
,,,,,,,
,,,,,,,
Drg.No T-6-3-740 ,Alt 51/1 ,,,,,,
,Alt.3 ,,item No 6 ,,SK-81206 ,,
,,,,,,,
,,,,,,,
,,,,,,,
Drg.No.CG-11089 ,Alt.2 ,,,,,,
,,,,,,,
Drg.No.CG-15090 ,,,,,,,
Drg.No.CG-15090 ,,,,,,,
Drg.No.CG-15090 ,,,,,,,
,,,,,SK10.6176,,
,,,,,,,
,,,,,,,
,,,,,,,
,,,,,,,
Drg.No.CONTR-9404-52 ,Alt 7 ,,Item No.15 ,,,,
Drg.No.RITES/TP-9405-,Alt.8 ,,,,,,
Drg WD 07054/,Alt- Nil.,,Item No.8 ,,,,
,,,,,,,
,,,,,,,
,,,,,,,
,,,,,,,
DRG.No J T/A3/2000 ,,,,,,,
,,,,,,,
,,,,,,,
,,,,,,,
,,,,,,,
,,,,,,,
,,,,,,,
,,,,,,,
Drg.No.M/C W/LTT/14 ,,,,,,,
,,,,,,,
Drg.No.CG-15090 ,,,,,,,
Drg No G-95 ,,,,,,,
Drg No G-95 ,,,,,,,
,,,,,,,
Drg No G-95 ,,,,,,,
Drg No.G-95 ,,,,,,,
Drg No.G-95 ,,,,,,,
Drg.No RDSO Item-23 ,Alt 3 ,,,,Sketch-81206 ,,
,,,,,,,
,,,,,,,
,,,,,,,
,,,,,,,
,,,,,,,
,,,,,,,
,,,,,,,
,,,,,,,
,alth faucet 02 ,,,,,,
,,,,,,,
,,,,,,,
Drg No.CG -1078 ,,,,,,,
Drg.No CDO/HYB/MT-01 ,,,,,,,
Drg.No.WD-01065-,Alt.2 ,,Item No.4 ,,,,
Drg.No.CG-15090 ,,,,,,,
drg .No RDSO/ALT-Nil ,,,,,SK-K2048 ,,Rev-3 
,,,,,,,
,,,,,,,
,,,,,,,
Drg No.CG-15090 ,,,,,,,
,,,,,,,
,,,,,SKID SPECIFICATION ATTACHED ,,
,,,,,,,
,,,,,,,
drg.item-14 ,Alt-5 ,,,,SK-96081 ,,
,,,,,,,
Drg No CONTR 9404- ,Alt 11 ,,,,,,
,,,,,,,
,,,,,,,
DrgNo CC 53105 ,Alt.C ,,,,,,
,Alt.1 ,,,,SK-1201/,,
Drg.No DMU/TC-1-1-005 ,Alt ,,,,,,
,,,,,,,
Drg.NO.CG-15090 ,,,,,,,
"Drg No ICF/Item 1,2 4 ",Alt d/Nil ,,,,sk-6-3-426 ,,
Drg.No ICF/STD 6-3-008 ,Alt.n/Nil ,,,,,,
,,,item No 52 2 ,,Sketch No 81200 ,,
Drg.No RDSO Item-23 ,Alt 3 ,,,,Sketch-81206 ,,
,,,,,,,
,,,,,,,
Drg.No.SC/Chg/Misc./01/2015 ,,,,,,,Rev.00 
,,,,Amendments per following specifications Material grade PE100 ,,,
,,,,Amendments per following specifications Material grade PE100 ,,,
,,,,Amendments per following specifications Material grade PE100 ,,,
Drg No.CONTR 9404 ,Alt 11 ,,,Amdt No.1 ,,,Rev.2 
Drg No MI005645 ,Alt-Nil ,,,,,,
Drg.No.T-2-2-602 ,Alt m/3 ,,Item No.1 ,,,,
,,,,,,,
Drg.9405-,,,Item No.46 ,,,,
Drg.No MI005510 ,,,,,,,
,,,,,,,
DRG.No J T/A3/2000 ,,,,,,,
,,,,,,,
Drg.No T-1-2-516 ,Alt-p/31 ,,,,,,
,,,,,,,
,,,,Amendments per following specifications Material Grade PE 100 ,,,
Drg.No.SC/Chg/Misc./01/2015 ,,,,,,,Rev.00 
,,,,,,,
Drg No.CONTR 9404-,Alt.10 ,,Item No.4 ,,,,
Drg No.CONTR-9404-,Alt.12 ,,"Item Nos 4,5 6 7 ",,,,
,,,,,,,
Drg No CONTR-9404-,Alt.12 ,,,,,,
Drg.No WGSCWAC 6-6-4-606 ,Alt.d/Nil ,,,,,,
,,,,,SK-002 ,,
,,,,,,,
,,,,,,,
,,,,,,,
,,,,,,,
,,,,,SK 575 ,,
,,,,,SK-002 ,,
Drg.No LW05116 ,Alt.Nil ,,,,,,
,,,,,,,
,,,,,SK-004 ,,
,,,,,SK-001 ,,
,,,,,SK.003 ,,
,,,,,,,
Drg.No C/LF-1885 ,Alt.6 ,,,,,,
Drg.No.WD-05086-,Alt.5 ,,Item No.33 ,,,,
,,,,,,,
Drg.No.W/BD-350 ,Alt-1 ,,,,,,
Drg.No.MI005510 ,Alt.C ,,,,,,
Drg.No.WD-92081-,Alt-10 ,,,,,,
Drg.No.CONTR-9404-,Alt.12 ,,Item No.1 ,,,,
Drg.No.RITES/TP 9405-,Alt percent u20180 ,,Item No.11 ,,,,
,,,,,,,
,Alt.3 ,,item No 6 ,,SK-81206 ,,
Drg.No CG-14070 ,alt-c ,,,,,,
Drg.No.CONTR 9404-,Alt.7 ,Specn.WD-01-HLS-1994 Jan.2009 ,Item No.2 ,,,,Rev.3 
,,,,,,,
Drg.N0.,,,,,,,Rev.00 
Drg.N0.,,,,,,,Rev.00 
Drg.N0.,,,,,,,Rev.00 
,,,,,,,
,,,,,,,
Drg.No C/LF-1885 ,Alt.6 ,,,,,,
,,,,,,,
Drg.No.CG-15090 ,,,,,,,
,,,,,,Qty/Kit 04 ,
,,,,,SKAR ELGI OEM Authorised Dealers quote valid certificate ,,
,,,,,,,
Drg No CG-K4026 ,Alt.1 ,Specn 2062 ,,,,,Rev-02 
Drg.No Alt.5 ,,Specn 02-ABR-02 ,,Amendement No 3 ,SK-73549.,,
Drg.No CC 56415 ,,,,,,,
Drg.No ICF/STD-6-4-010 ,Alt q/2 ,,,,,,
Drg.No M1004736 ,Alt-Nil ,,,,,,
Drg.No CG-14070 ,alt-c ,,,,,,
Drg No.WD -92081-,Alt.10 ,,,,,,
Drg No WD-05086-,Alt2 ,,item No:5 ,,,,
,,,,,,,
,,,,,,,
DRG.NO.ICF/ITEM 7 ,ALT-C. IS 4762-84 ,,,,SK3-6-3-130 ,,
,,,,,,,
,,,,,,,
,,,,,,,
Drg.No T-0-5-648 ,,,,,,,
Drg No.CDO/HYB/Cage-1 ,,,,,,,
,Alt-1 ,,,,SK.NO.K2036 ,,
Drg No WD-88123-,alt.-02 ,,,Amend No 03 ,,,
Drg No M1005645 ,alt.nil ,,,,,,
Drg.No ICF/STD-4-018 ,Alt.h/3 ,,,,,,
Drg.No WGSCWAC 6-6-4-606 ,Alt.d/Nil ,,,,,,
Drg.No T-2-6-60 ,Alt-z/29 ,,,,,,
Drg.No SCN 5-6-521 ,Alt.n/2 ,,,,,,
,,,,,,,
,,,,,,,
,,,,,,,
,,,,,,,
,,,,,,,
Drg.No CDO/HYB/Amenity/001/2015 ,,,item No.1 ,,,qty 03 ,
Drg.No.CG-11088 ,alt-1 ,,,,,,
,ALT 5 ,,item No 1 ,,sketch 81201 ,,
,,,,,SK-804 ,,
Drg.No No leakage dripping observed pressure difference 3.5 ,,,,,SK-6-3-425 2 ,,
,,,,,,,
Drg No LW54141 ,,,,,,,
Drg.No LW05116 ,Alt.Nil ,,,,,,
,Alt.3 ,,item No 6 ,,SK-81206 ,,
Drg.No ICF/STD-4-3-017 ,Alt-a ,,,,,,
drg.no T-5-3-701 ,Alt except item 5 7 12 14 21 22 ,,,,,,
,,,,,,,
Drg No MI005326 ,Alt-b Drawing attached ,,,,,,
,,,,,,,
Drg.No.SCR DLS/EQ-0053/,,,,,,,
,,,,,,,
Drg.no WD-92081-,Alt-10 ,,,,,,
Drg.No 1 ,Alt-02 ,,,,SK.92082 ,,
,,,,,,,
,Alt.3 ,,,Amend No 2 ,,,
Drg.No.MI005510 ,alt- NIl IS 4762-84 ,,,,,,
,,,,,,,
,,,,,,,
,,,,,,,
,,,,,,,
Drg.No DMU/TC-1-1-005 ,Alt ,,,,,,
Drg.No ICF/Alt.k Item 2 ,,,,,SK-5-4-274 ,,
,,,,,,,
,,,,,,,
Drg NO WD-07054/5-10 ,,,item No.11 ,,,,
,,,,,,,
,,,,,,,
,,,,,,,
,,,,,,,
,,,,,,,
Drg.No.SE/E/,,,,,SK/14/10 ,,
,,,,,SK.No AC/04/894 ,,
,,,,,,,
,,,,,,,
,,,,,,,
,,,,,,,
,,,,,SKID SPECIFICATION ATTACHED ,,
,,,,,,,
Drg No.Item No.1 ,,,,,SK-K3001 ,,
Drg No SAB A4 7270627 ,,,,,,,
Drg No CG- 14070 ,,,item No.2 ,,,,
,,,,,,,
,,,,,,,
Drg No SAB A4 7270627 ,,,,,,,
Drg NO WD-07054/5-10 ,,,item No.11 ,,,,
Drg.No.Sr.CDO/S/ADI/2 ,,,,,,,
,,,,,,,
Drg No SAB A4 7270627 ,,,,,,,
,,,,,,,
,,,,,,,
,,,,,,,
Drg.No ICF/Alt v/2 ,,,,,SK-7-1-306 ,,
,,,,,,,
,,,,,,,
,,,,,,,
,,,,,,,
,,,,,,,
,,,,,,,
,,,,,,,
,,,,,,,
,,,,,,,
,,,,,,,
,,,,,,,
,,,,,,,
,,,,,,,
Drg.No.Sr.CDO/S/ADI/2 ,,,,,,,
,,,,,SKA make Tower Cloths Cylindrical shape Special fabric suitable ASKA inflatable lighting towers part model No FAB-2022 ,,
Drg.no 34391741001,,,,,,,
,,,,,,,
,,,,,,,
,,,,,,,
,,,,,,,
,,,,,,,
,,,,,,,
Drg.No 2580130024,,,,,,,
Drg.No.CG-11085 ,Alt.3 ,,,,,,
Drg.No.CG-15090 ,,,,,,,
Drg.No.MI005328 ,Alt.b ,,,,,,
,,,,,,,
DRG.NO.SC/CHG/MISC/01/2015 ,,,,,,,REV.00 
,,,,,,,
Drg.No.SC/Chg/misc/01/2015 ,,,,,,,rev.00 
,,,,,,,
,,,,,SKAR ELGI OEM S Authorised dealers quote valid certificate ,,
,,,,,,,
,,,,,,,
Drg No T-5-5-527 ,,,,,,,
,,,,,,,
Drg.No WD-93061-,Alt-1 ,Specn 19-ABR-07 ,Item No.4 ,amendment 2 ,,,
Drg.No.W/DW-297 ,ALT.1 ,,,,,,
,,,,,,,
,,,,,,,
,,,,,,,
,,,,,skar/Gardaner Denver OEM authorized dealers quaote valid certificate ,,
,,,,,,,
,,,,,,,
Drg.no ICF/Col-I alt-nil Note Offers ICF approved sources considered ,,,,,SK-4-2-097 ,,
Drg.No.ICF/STD-6-3-106 ,Alt-nil Note -Offers ICF Approved sources considered ,,,,,,
Drg No.Alt.Nil.Note -Offers RDSO Approved vendors considered ,,,,Amendment No.03 ,SK-98003 ,,
,Alt 02 ,,,,SK-10-2-420 ,,Rev No 02 
,,,,,,,
,,,,,,,
,,,,,,,
,,,,,,,
Drg.No RITES/TP 9405-,Alt 9 ,,Item No.9 ,,,,
Drg.No.SC/Chg/Misc/01/2015 ,,,,,,,Rev.00 
Drg.No.SC/Chg/Misc./01/2015 ,,,,,,,Rev.00 
Drg.No.SC/Chg/Misc./01/2015 ,,,,,,,Rev.00 
Drg No M C W. LTT Soap container casing dt 15.10.2007 ,,,,,,,
Drg No.CONTR-9404-,Alt.12 ,,"Item Nos 4,5 6 7 ",,,,
,,,,,,,
,,,,,,,
,,,,,,,
,,,,,,,
Drg.No.SC/Chg/Misc./01/2015 ,,,,,,,Rev.00 
,,,,,sket remover remover defective gasket Regulator Pre-cooling transformer alternator Technical specifications -Appearance Viscous opaque liquid Specific Gravity @ 20 @ ,,
,,,,,,,
,,,,,,,
Drg.No ICF/STD-4-3-017 ,Alt-a ,,,,,,
,,,,,,,
Drg.No WGSCWAC-6-1-029 ,,,item No 65 ,,,,
Drg.no.ICF/Col-I alt-e ,,,,,SK-5-4-279 ,,
,,,,,,,
,,,,,,,
,,,,,,,
Drg.No.ICF/Col.I Alt-c/nil ,,,,,SK-6-3-446 ,,
,,,,,,,
,,,,,,,
,,,,,,,
,,,,,,,
Drg No WD-90002-,,Specn.No.07 ABR-1992 ,,Amendment No 04 ,,,
,,,,,,,
Drg No pc-491 ,,,,,Sk-10-2-420 ,,Rev.No 2 
Drg.No WGSCWAC-6-1-029 ,,,item No 65 ,,,,
,Alt 02 ,,,,SK-10-2-420 ,,Rev No 02 
Drg.No.WD-92081-,Alt-10 ,,,,,,
,,,,,,,
,,,,,,,
,,,,,,,
,,,,,,,
,,,,,,,
,,,,,,,
,,,,,,,
,,,,,,,
,,,,,sket plastic upper dia 27,,
,,,,,,,
,,,,,,,
,,,,,,,
,,,,,sk system use crew lobbies SNF BIDAR PRLI CT It consists 1 ,,
,,,,,,,
Drg.no RDSO- WD- 89060-,Alt.05.,,,,,,
Drg.No CONTR 9404-,Alt-8 ,,Item No.3 ,,,,
Drg.No.CONTR 9404-,Alt-8 ,,Item No.4 ,,,,
,,,,,,,
,,,,,,,
Drg.No RDSO-WD-89060-,alt.05 ,,,,,,
,,,,,,,
Drg.No RDSO WD- 89060-,alt.05 ,,,,,,
Drg.No.ICF/STD-6-3-106 ,Alt-nil Note -Offers ICF Approved sources considered ,,,,,,
,,,,,,,
,,,,,,,
Drg.No RDSO WD- 88021 ,alt.03 ,,,,,,
,,,,,SK-312 ,,
,,,,,,,
,,,,,,,
,,,,,,,
,,,,,,,
,,,,,,,
,,,,,,,
,,,,,,,
,,,,,,,
Drg No ICF/Alt.d ,,,,,SK-5-3 015 ,,
Drg.No.CG-11085 ,Alt.3 ,,,,,,
DRG.NO.CONTR 9404-,ALT.7 ,,ITEM NO.6 ,,,,
,,,,,,,
,,,,,,,
DRG.NO CONTR-9404-,ALT.7 ,,ITEM NO.12 ,,,,
,,,,,,,
Drg.No ICF/STD-1-2-003 ,Alt f/3 ,,,,,,
,,,,,,,
,,,,,,,
,,,,,,,
,,,,,SK alfa 2201 ,,
,,,,,,,
Drg.No Item-14 ,Alt-5 ,,,,Sketch 96081 ,,
Drg.No C W/,,,,,SK No 0435 ,,
,,,,,,,
,altech similar ,,,,,,
Drg.No.RITES/TP 9405-,Alt percent u20180 ,,Item No.11 ,,,,
,,,,,,,
,,,,,,,
,,,,,,,
,,,,,,,
,,,,,,,
,,,,,,,
,,,,,,,
,,,,,,,
,,,,,,,
DRG.NO.CONTR 9404-,ALT.7 ,,ITEM NO.6 ,,,,
,,,,,,,
,,,,,,,
,,,,,,,
Drg.No ICF/STD 6-3-008 ,Alt.n/Nil ,,,,,,
Drg No ICF/5-4-276 ,Alt C ,,"Item No 12,13,14,15,16,17 ",,,,
,,,,,,,
,,,,,,Qty 5 ,
,,,,,,,
Drg.no.ICF/Col-I alt-e ,,,,,SK-5-4-279 ,,
Drg No.Alt.Nil.Note -Offers RDSO Approved vendors considered ,,,,Amendment No.03 ,SK-98003 ,,
Drg no.RDSO Alt-5 ,,,,Amendment No.03 ,SK-96081 ,,
,,,,,,,
,,,,,,,
,,,,,sketch enclosed.The chain slings shall electric welded plated Test certificates shall produced govt approved list house proof load safe working load per IS specifications.All connecting accessories attachments single make capacity duly embossed ,,
,,,,,,Qty 5 ,
,,,,,,,
,,,,,,,
,,,,,,Qty 4 ,
,,,,,,,
Drg.no.ICF/Col-I alt-e ,,,,,SK-5-4-279 ,,
Drg.No.T-0-7-603 ,Alt-A/15 ,,,,,,
,,,,,,,
,,,,,,Qty:50 ,
,,,,,,,
,,,,,,,
,,,,,,,
,,,,,,,
,,,,,,,
,,,,,,Qty 4 ,
Drg.No LW05116 ,Alt.Nil ,,,,,,
,,,,,,,
,,,,,ski R3 ,,
Drg.No CDO/HYB/Amenity/001/2015 ,,,item No.1 ,,,qty 03 ,
Drg.No J T/g-0985/01 ,,,,,,,
,,,,,,,
,,,,,,,
,,,,,,,
,,,,,,,
,,,,,SK.K 3001 ,,
,,,,,SKI SPIRAL DIVERSEY SIGLA NEUTRAL OF ECOLAB Specification Specific gravity @ 25,,
,,,,,,,
Drg No CONTR 9404-8 ,Alt.10 ,,Item No.7 ,,,,
,,,,,,,
Drg.No.RITES/TP-9405-,Alt.8 ,,,,,,
,,,,,,,
Drg.No.CONTR-9404-,Alt.11 ,,,,,,
DRG NO 02/,,,,,,,
Drg.no T-2-2-602 ,,,,,,,
Drg.No ICF/,,,,,SK-5-5039 ,,
,,,,,,,
Drg No CONTR-9404-,Alt.1 ,,"Item Nos.2,3,4,5 ",,,,
Drg.No C/LF-1885 ,Alt.6 ,,,,,,
,,,,,,,
,,,,,,,
,,specn.No.IRS.S.96/2000 ,,,,,
,,,,,,,
Drg.No.WD-92081-,Alt-10 ,,,,,,
,,,,,,,
Drg.No.CONTR 9404-,Alt-10 ,,Item No.3 ,,,,
,,,,,,Qty:50 ,
,,,,,,,
,,,,,,,
,,,,,,,
,,,,,,Qty 5 ,
,,,,,,Qty:50 ,
,,,,,,,
,,,,Amendment 1 ,,,Rev 0.0 
Drg No.Type-B Alt-2 ,,,,Amendment No.1 ,SK- 94101 ,,REV-II RDSO 
Drg No ICF/5-4-276 ,Alt C ,,"Item No 12,13,14,15,16,17 ",,,,
Drg No CONTR-9405-,Alt-11 ,,Item NO.31 ,,,,
,,,,,,,
,,,,,,,
,,,,,,,
,,,,,,,
DRG.NO.WD-92081-,,,ITEM NO:01 ,,,,
,,,,,,,
,,,,Amendments per following specification Material Grade PE 100 ,,,
,,,,Amendment per following specification Material Grade PE 100 ,,,
,,,,,,,
,,,,,,,
,,,,,,,
,,,,,,,
,,,,,,,
,,,,,,,
,,,,,sketch enclosed.The chain slings shall electric welded plated Test certificates shall produced govt approved list house proof load safe working load per IS specifications.All connecting accessories attachments single make capacity duly embossed ,,
,,,,,,,
DRG.NO.ICF/ITEM 7 ,ALT-C. IS 4762-84 ,,,,SK3-6-3-130 ,,
,,,,,,,
,,,,,,,
,,,,,,,
,,,,,,,
,,,,,,,
,,,,,,,
,,,,,,,
,,,,,SK-312 ,,
,,,,,SK-312 ,,
Drg.no ICF/Col-II alt-e ,,,,,SK-5-4-279 ,,
,,,,,,,
,,,,,,,
DRG.NO.CONTR 9405-,ALT-3 ,,ITEM NO.1 ,,,,
DRG.NO CONTR-9404-,ALT-10 ,,,,,,
,,,,,,,
DRG.NO.CONTR-9404-,ALT.11 ,,ITEM NO.4 ,,,,
DRG.NO CONTR-9406-,ALT 10 ,,ITEM NO.1 ,,,,
,,,,,,,
,,,,,,,
Drg.No ICF/STD-1-2-003 ,alt f/3 ,,,,,,
,,,,,,Qty 4 ,
DRG.NO.CONTR-9404-,ALT-10 ,,,,,,
DRG.NO CONTR-9404-,ALT.7 ,,ITEM NO.12 ,,,,
Drg.No.CG-11089 ,Alt.2 ,,,,,,
DRG.NO CONTR 9405-,ALT-7 ,,ITEM NO.4 ,,,,
,,,,,,,
DRG NO MI005328 ,ALT.B ,,,,,,
Drg.No WD-88123-,Alt.2 ,,,Amendment No.03 ,,,
,,,,,,,
Drg No 4,,,,,,Qty-02 ,
Drg.No T-2-6-60 ,Alt-z/29 ,,,,,,
,,,,,,,
,,,,,,,
Drg.No SCN 5-6-521 ,Alt n/2 ,,,,,,
,,,item No 52 2 ,,Sketch No 81200 ,,
,,,,,,,
Drg No.ICF/STD-1-2-003 ,Alt f/3 ,,,,,,
Drg.No CONTR 9404-,Alt-8 ,,Item No.3 ,,,,
Drg.No T-0-5-648 ,,,,,,,
Drg.No WD-89007-,,,Item No.02 ,,,,
Drg.No.ICF/Col.I Alt-c/nil ,,,,,SK-6-3-446 ,,
Drg.No.CONTR 9404-,Alt-8 ,,Item No.4 ,,,,
,Alt-1 ,,,,SK.NO.K2036 ,,
,,,,,,,
,,,,,SKF Equivalent ,,
,,,,,,,
,,,,,,,
,,,,,SKET FOR INLET HATCH ITEM NO.14 ,,
DRG NO.DMU/DPC-O-3-009 ,ALT-f Note RCF/ICF approved sources considered ,,,,,,
,,,,,,,
Drg.No WD-89007-,,,Item No.02 ,,,,
,,,,,,,
,,,,,,,
DRG NO.DMU/DPC-0-4-001 ,ALT-M/8 ,,,,,,
DRG.NO -WLRRM-0-4-003 ,ALT-F/4 ,,,,,,
DRG.NO -WTAC-0-3-402 ,ALT-1 ,,,,,,
DRG NO DMU/DPC-0-3-009 ,ALT-F ,,,,,,
,,,,,,,
DRG.NO -DMU/DPC10-0-4-001 ,ALT-D ,,,,,,
Drg.no ICF/Col-I alt-nil Note Offers ICF approved sources considered ,,,,,SK-4-2-097 ,,
DRG NO ICF/STD-6-3-018 ,,,,,,,
DRG NO DMU/DPC-0-3-009 ,ALT-F Note Offers RCF/ICF approved sources considered ,,,,,,
,,,,,,,
Drg.No WD-92081-,,,Item No.02 ,,,,
Drg.No WD-89007-,,,Item No.12 ,,,,
,,,,,,,
Drg.No WD-92081-,,,Item No.03 ,,,,
Drg.No.MI005328 ,Alt.b ,,,,,,
Drg.No.CONTR 9404-,Alt-8 ,,Item No.4 ,,,,
Drg.No.WD-92081-,Alt-10 ,,,,,,
,,,,,,,
Drg.No CONTR 9404-,Alt-8 ,,Item No.3 ,,,,
DRG NO ICF/STD-6-3-018 ,,,,,,,
,,,,,,,
Drg.No.SC/Chg/Misc/01/2015 ,,,,,,,Rev.OO S.No.9 
,,specn with:1 ,,,,,
,,,,,,,
Drg.no ICF/Col-I alt-nil ,,,,,SK-4-2-097 ,,
Drg.No.ICF/Col.I Alt-c/nil ,,,,,SK-6-3-446 ,,
Drg.No T-0-5-648 ,,,,,,,
,,,,,,,
DRG.NO -DMU/DPC10-0-4-001 ,ALT-D ,,,,,,
DRG NO DMU/DPC5-0-3 -- 501 ,ALT-w/5 ,,,,,,
DRG NO.DMU/DPC-0-4-001 ,ALT-M/8 ,,,,,,
DRG .NO WLRRM-0-5-006 ,ALT- E ,,,,,,
Drg No 1356259 ,,,,,,,
DRG NO.DMU/DPC5-0-3-501 ,ALT-W/5 ,,,,,,
DRG NO.WTAC-0-3-402 ,ALT-1 ,,,,,,
DRG NO ICF/MRVC/D-0-3-001 ,ALT-a ,,,,,,
Drg No ICF/MRVC/D-0-3-001 ,alt-1 ,,,,,,
,,,,,,,
Drg.No.M/C W/LTT/14 ,,,,,,,
,,,,,,,
DRG.NO -DMU/DPC-0-4-001 ,ALT-M/8 ,,,,,,
DRG.NO -WLRRM-0-4-003 ,ALT-F/4 ,,,,,,
Drg No DMU/DPC/-0-3-009 ,alt ,,,,,,
Drg .No WLRRM-0-5-006 ,alt- e ,,,,,,
DRG NO.DMU/DPC-0-4-001 ,ALT-M/8 ,,,,,,
Drg.No WD-92081-,,,Item No.06 ,,,,
Drg.No WD-92081-,,,Item No.03 ,,,,
Drg.No WD-91071-,,,Item No.06 ,,,,
Drg.No WD-92081-,,,Item No.08 ,,,,
Drg.No WD-91071-,,,Item No.03 ,,,,
Drg.No WD-92081-,,,Item No.02 ,,,,
Drg.No WD-92081-,,,Item No.02 ,,,,
Drg.No WD-89007-,,,Item No.12 ,,,,
Drg.No.96038-,,,"Item No.01,02,03,05,06,07 ",,,,
,,,,,,,
,,,,,,,
Drg.No WD-89007-,,,Item No.02 ,,,,
Drg.No WD-92081-,,,Item No.09 ,,,,
Drg.No WD-92081-,,,Item No.04 ,,,,
,,,,,,,
,Alt-1 ,,,,SK.NO.K2036 ,,
Drg.No WD-91071-,,,Item No.04 ,,,,
Drg.No WD-92081-,,,Item No.03 ,,,,
Drg.No ST-971207 ,,,,,,,
DRG NO.DMU/DPC-O-3-009 ,ALT-f Note RCF/ICF approved sources considered ,,,,,,
Drg.No WGSCWAC-6-1-029 ,,,item No 65 ,,,,
,,,,,,,
"Drg No ER/KPA/EL/PN,2",,,,,,,
,,,,,,,
,,,,,,,
Drg No.EMU/M-0-2-005.,Alt-n ,,,,,,
Drg.No.MI005328 ,Alt.b ,,,,,,
Drg.No MI005510 ,,,,,,,
,,,,,,,
,,,,,,,
,,,,,,,
Drg.No WGSCWAC-6-1-029 ,,,item No 65 ,,,,
,,,,,,,
,,,,,,Qty -400 ,
,,,,,,,
,,,,,,,
,,,,,,,
DRG NO.DMU/DPC-0-4-001 ,ALT-m/8 ,,,,,,
,,,,,,,
Drg No WLRRM-0-5-006 ,Alt-e ,,,,,,
,,,,,,,
,,,,,SKAR ELGI OEM S Authorised dealers quote valid certificate ,,
Drg No ICF/5-4-276 ,Alt C ,,"Item No 12,13,14,15,16,17 ",,,,
,,,,,SK.K 3001 ,,
,,,,,,,
Drg.No.WD-92081-,Alt-10 ,,,,,,
Drg.No SCN 5-6-521 ,Alt n/2 ,,,,,,
Drg.No CDO/HYB/Amenity/001/2015 ,,,item No.1 ,,,qty 03 ,
Drg No WLRRM-0-5-006 ,Alt-e ,,,,,,
Drg.No WD-92081-,,,Item No.03 ,,,,
,,,,,,,
DRG NO.DMU/DPC-0-4-001 ,ALT-m/8 ,,,,,,
Drg.No.WD-92081-,Alt-10 ,,,,,,
Drg.No.ICF/Col.I Alt-c/nil ,,,,,SK-6-3-446 ,,
,,,,,,,
Drg.No CONTR 9404-,Alt-8 ,,Item No.3 ,,,,
Drg.No.CONTR 9404-,Alt-8 ,,Item No.4 ,,,,
Drg.No WGSCWAC-6-1-029 ,,,item No 65 ,,,,
,,,,,,,
,,,,,,,
,,,,,,,
,,,,,SK-K2029 ,,
,,,,,,,
,,,,,,,
,,,,,,,
,,,,,,,
Drg.No -WLRRM-0-4-003 ,Alt-f/4 ,,,,,,
,,,,,,,
,,,,,,,
,,,,,,,
,,,,,,,
,,,,,,,
,,,,,,,
,,,,,,,
,,,,,,,
,,,,,,,
,,,,,,,
,,,,,,,
Drg No CDO/HYB/PANTRY/001/2015 ,,,,,,,
,,,,,,,
,,,,,,,
,,,,,,,
,,,,,,,
,,,,,,,
Drg.No.M/C W/LTT/14 ,,,,,,,
Drg.No CDO/HYB/MT-01 ,,,,,,,
,,,,,,,
Drg No CONTR-9404-,Alt.1 ,,"Item Nos.2,3,4,5 ",,,,
,,,,,,,
Drg No CONTR-9404-,Alt-12 ,,,,,,
,,,,,,,
,,,,,,,
,,,,,,,
,,,,Amendments per following specifications Material Grade PE 100 ,,,
DRG NO.DMU/DPC-0-4-001 ,ALT-m/8 ,,,,,,
,,,,,,,
,,,,,,,
,,,,,,,
,,,,,,,
,,,,,,,
,,,,,,,
,,,,,,,
,,,,,SK alfa 2201. ,,
,,,,,,,
Drg No.A3 040.0371 ,,,,,,,
,,,,,SKET FOR INLET HATCH ITEM NO.14 ,,
DRG.NO.CONTR 9404-,ALT.7 ,,ITEM NO.6 ,,,,
,,,,,,,
Drg.No CDO/HYB/MT-01 ,,,,,,,
Drg.No T-0-5-648 ,,,,,,,
DRG NO T-0-3-635.,,,,,,,
,,,,,,,
,,,,,,,
,,,,,,,
,,,,,,,
,,,,,,,
,,,,,,,
,,,,,,,
,,,,,,,
Drg No CDO/HYB/PANTRY/001/2015 ,,,,,,,
,,,,,,,
,,,,,,,
,,,,,,,
,,,,,SKA MAKE TOWER LIGHTS SPECIFICATION ATTACHED ,,
,,,,,,QTY 1 ,
,,,,,,,
Drg.No.WD-92081-,Alt-10 ,,,,,,
,,,,,,,
,,,,,,,
,,,,,,,
,,,,,,,
,,,,,SKET FOR INLET HATCH ITEM NO.14 ,,
Drg.No 3,,,,,,,
,,,,,,,
DRG NO DMU/DPC-0-3-009 ,ALT-F Note RCF/ICF approved sources concedered ,,,,,,
,,,,,,,
,,,,,,,
,,,,,,,
,,,,,,,
,,,,,,,
,,,,,,,
,,,,,,,
,,,,,,,
,,,,,,,
,,,,,,,
,,,,,,,
,,,,,,,
,,,,,,,
,,,,,,,
Drg.No 3,,,,,,,
,,,,,,,
,,,,,,,
Drg.No.SC/Chg/Misc./01/2015 ,,,,,,,Rev.00 
,,,,,,,
,,,,,,,
,,,,,,,
,,,,,,,
,,,,,,,
,,,,,,,
,,,,,,,
,,,,,,,
,,,,,,,
,,,,,,,
,,,,,,,
,,,,,,,
,,,,,,,
,,,,,,,
Drg No ICF/STD-4-1-002 ,alt x/2 ,,,,,,
Drg No WLRRM-0-5-006 ,Alt-e ,,,,,,
,,,,,,,
,,,,,,,
,,,,,,,
Drg No CONTR-9404-,Alt.1 ,,"Item Nos.2,3,4,5 ",,,,
Drg.No 3,,,,,,,
,,,,,sket plastic upper dia 27,,
,,,,,,,
Drg.No WD-05086-,Alt-5 ,,,,,,
DRG NO SCR/LGD/M P/DRG No.0159 ,,,,,,,
Drg.No.CONTR-9405 ,Alt 11 ,Specn.No.02-ABR-02 A1 ,Item No.20 ,Amendment No.3 ,,,
,,,,,,,
,,,,,,,
,,,,,,,
,,,,,,,
DRG NO.DMU/DPC-0-4-001 ,ALT-m/8 ,,,,,,
DRG NO.DMU/DPC-0-4-001 ,ALT-m/8 ,,,,,,
DRG NO.DMU/DPC5-0-3-501 ,ALT-w/5 ,,,,,,
DRG NO DMU/DPC5-0-4 -- 094 ,ALT-d Note Offers ICF/RCF Approved sources considered ,,,,,,
,,,,,,,
,,,,,SKU Code 41615 ,,
,,,,,SKU Code 41615 ,,
DRG SCR/LGD/M P/DRG No.0155 ,,,,,,,
,,,,,SKU Code 41615 ,,
,,,,,,,
,,,,,,,
,,,,,,,
,,,,,,,
Drg.No.CNTR 9404-,,Specn.WD-01-HLS-94 S-7 ,,,,,
Drg.No.RE/DNR/EL/TP/07 ,,,,,,,
Drg.No.RE/DNR/EL/TP/07 ,,,,,,,
,,,,,SKU Code 41615 ,,
"Drg.No ICF/DEV/items 4,5,6,7 1 ",,,,,SK-6-3-160 ,,
,,,,,,,
,,,,,,,
,,,,,,,
,,,,,,,
,,,,,,,
,,,,,,,
Drg.No ICF/STD-4-018 ,Alt.h/3 ,,,,,,
DRG NO DMU/DPC-0-3-009 ,ALT-F ,,,,,,
DRG NO DMU/DPC-0-3-009 ,ALT-F Note RCF/ICF approved sources concedered ,,,,,,
DRG NO.DMU/DPC-O-3-009 ,ALT-f Note RCF/ICF approved sources considered ,,,,,,
,,,,,,,
,,,,,,,
,,,,,,,
,,,,,,,
,,,,,,,
Drg.No.WD-92081-,Alt.1 ,,,,,,
,,,,,,,
Drg No.CONTR-9404-,Alt.12 ,,"Item Nos 4,5 6 7 ",,,,
,,,,,,,
,,,,,,,
DRG NO.DMU/DPC-O-3-009 ,ALT-f ,,,,,,
,,,,,,,
,,,,,,,
DRG NO ICF/STD-6-3-018 ,,,,,,,
,,,,,,,
,,,,,,,
,,,,,,,
,,,,,,,
Drg No FC-6-3-055 ,Alt-p/43 ,,,,,,
Drg.No.W/DW-297 ,ALT.1 ,,,,,,
,,,,,,,
Drg No ICF/alt.e/nil Col-I items-1 6 7 ,,,,,SK-6-3-481 ,,
,,,,,,,
Drg.No T-0-5-648 ,,,,,,,
,,,,,,,
,,,,,,,
,,,,,,,
,,,,,,,
,,,,,,,
,,,,,,,
,,,,,,,
,,,,,SK-K2029 ,,
Drg.No WGSCWAC-6-1-029 ,,,item No 65 ,,,,
,,,,,,,
DRG NO T-0-4-613.,,,,,,,
,,,,,,,
,,,,,,,
,,,,,,,
,,,,,,,
,,,,,,,
Drg.No.CG-11089 ,Alt.2 ,,,,,,
DRG NO ICF/STD-6-3-018 ,,,,,,,
,,,,,,,
DRG NO CC 91170 ,ALT-F ,,,,,,
,,,,,,,
Drg No PD/TPYS/SCR Drg No C W-99 ,Alt Nil ,,,,,,
,,,,,,,
,,,,,,,
,,,,,,,
Drg.No ICF/SR/DMU/TC/E-3-4-007 ,,,,,,,
,alternator DEMU DPC suitable KEL Part No.A1006 ,,,,,,
drg.No LB 58132 ,Alt -Nil ,,,,,,
Drg No EMU/M-0-1-008 ,Alt -s/6 ,,,,,,
,,,,,,,
,,,,,,,
Drg.No CONTR 9404-,Alt-8 ,,Item No.3 ,,,,
Drg SSE/C W/SC/,,,,,SK-001 ,,
,,,,,,,
,,,,,,qty Supply To procured authorized dealers ,
,,,,,,,
Drg No ICF/MRVC/D-0-3-001 ,alt-1 ,,,,,,
,Alt B ,,,,,,
,,,,,,,
,,,,,,,
Drg WD 07054/,Alt- Nil.,,Item No.8 ,,,,
Drg.No RITES/TP-9405 ,Alt 9 ,,Item No.7 ,,,,
DRG.NO CONTR-9404-,ALT-10 ,,,,,,
Drg No CONTR 9406-,Alt 7 ,,Item No.2 ,,,,
Drg.No CONTR-9406-,Alt.7 ,,Item No.4 ,,,,
DRG.NO.CONTR-9404-,ALT-10 ,,,,,,
Drg No CONTR 9404- ,Alt 11 ,,,,,,
,,,,,,,
,,,,,,,
,,,,,,,
,,,,,,,
,,,,,,,
DRG NO ICF/ALT.E/NIL COL-I ITEMS-1 6 7 ,,,,,SK-6-3-481 ,,
drg.No LB 58132 ,Alt -Nil ,,,,,,
,,,,,,,
,,,,,,,
,,,,,,,
Drg No DMU/DPC/-0-3-009 ,alt ,,,,,,
,,,,,,,
DRG .NO WLRRM-0-5-006 ,ALT- E FROM APPROVED SOURCES ONLY Note -Offers ICF Approved sources considered ,,,,,,
,,,,,,,
,,,,,,,
,,,,,,,
,,,,,,,
,,,,,,,
,,,,,,,
,,,,,,,
Drg No PD/TPYS/SCR Drg No C W-99 ,Alt Nil ,,,,,,
,,,,,,,
Drg.No CONTR 9404-,Alt-8 ,,Item No.3 ,,,,
,,,,,,,
,,,,,,,
DRG SCR/LGD/M P/DRG No.0155 ,,,,,,,
Drg.No WGSCWAC-6-1-029 ,,,item No 65 ,,,,
Drg No CONTR 9406-,Alt 7 ,,Item No.2 ,,,,
DRG NO.DMU/DPC-O-3-009 ,ALT-f Note RCF/ICF approved sources considered ,,,,,,
,,,,,,,
Drg.No WD-91071-,Alt nil latest Item.01 ,,,,,,
DRG NO T-0-4-613.,,,,,,,
Drg No ICF/MRVC/D-0-3-001 ,alt-1 ,,,,,,
DRG NO.DMU/DPC-O-3-009 ,ALT-f Note RCF/ICF approved sources considered ,,,,,,
,,,,,,,
,,,,,,,
,,,,,,,
,,,,,,,
,,,,,,,
,,,,,,,
,,,,,,,
DRG NO ICF/MRVC/D-0-3-001 ,ALT-A ,,,,,,
DRG NO.DMU/DPC5-0-3-501 ,ALT-W/5 ,,,,,,
,,,,,,,
,,,,,,,
DRG NO DMU/DPC-0-3-009 ,ALT-F ,,,,,,
,,,,,,,rev 2007 
,,,,,,,
,,,,,,,
,,,,,,,
,,,,,,,
,,,,,,,
,,,,,,,
,,,,,,,
,,,,,,,
Drg.No WGSCWAC-6-1-029 ,,,item No 65 ,,,,
,,,,,,,
DRG NO.DMU/DPC 5-0-3-501 ,ALT-W/5 ,,,,,,
,,,,,,,
,,,,,,,
,,,,,,,
,,,,,,,
,,,,,,,
,,,,,,Qty 400,
DRG NO.WTAC-0-3-402 ,ALT-1 ,,,,,,
,,,,,SKA make Tower Lights Each Set Consisting following items SL NO 1.,Qty 02 ,
,,,,,,,
DRG NO CC 91170 ,ALT-F ,,,,,,
,,,,,,,
DRG NO CC 91170 ,ALT-F ,,,,,,
,,,,,,,
,,,,,,,
,,,,,,,Revolving Chair High Back Similar Godrej make model Regency PCH-7001
,,,,,,,
,,,,,,,
,,,,,,,
,,,,,sktop computer preloaded operating system equivalent model No 280 ,,
,,,,,,,
,,,,,,,
,,,,,,,
Drg.No CONTR 9404-,Alt-8 ,,Item No.3 ,,,,
DRG.NO -WLRRM-0-4-003 ,ALT-F/4 ,,,,,,
,,,,,,,
Drg No ICF/MRVC/D-0-3-001 ,alt-1 ,,,,,,
,,,,,,,
Drg.No WD-92081-,,,Item No 09 ,,,,
Drg.No WGSCWAC-6-1-029 ,,,item No 65 ,,,,
,,,,,sket HP Chicago Pneumatic Air Compressor OEM Part No 1903108408 ,,
Drg.No T-0-5-648 ,,,,,,,
,,,,,,,
Drg.No WD-89007-,,,Item No.02 ,,,,
,Alt B ,,,,,,
,,,,,,,
DRG .NO WLRRM-0-5-006 ,ALT- E FROM APPROVED SOURCES ONLY ,,,,,,
,,,,,,,
,,,,,skid rubber pads extra holes adjustable height Model No ATRP 12090 ,,
Drg.No.ICF/Col.I Alt-c/nil ,,,,,SK-6-3-446 ,,
Drg.No.CONTR 9404-,Alt-8 ,,Item No.4 ,,,,
,Alt-1 ,,,,SK.NO.K2036 ,,
,,,,,,,
,,,,,,,
DRG NO T-0-1-647 ,,,,,,,
Drg.No WD-91071-,ALT 9 ,,Item No 9 ,,,,
Drg.No WD-92081-,,,ITEM No.11 ,,,,
Drg.No WD-91071-,Alt nil latest Item.01 ,,,,,,
Drg.No WD-89007-,,,Item No.12 ,,,,
Drg No DMU/DPC/-0-3-009 ,alt ,,,,,,
,,,,,,,
DRG.NO.C/ELS/LGD/GENL/3/19.,,,,,,,
,,,,,,,
,,,,,sket LP Chicago Pneumatic Air Compressor OEM Part No 1903108508 ,,
,,,,,,,
,,,,,,,
,,,,,,,
Drg.No wd-92081-,,,ITEM No.04 ,,,,
,,,,,,,
,,,,,,,
Drg No DMU/DPC/-0-3-009 ,alt ,,,,,,
Drg No ICF/MRVC/D-0-3-001 ,alt-1 ,,,,,,
,,,,,,,
,,,,,,,
,,,,,,,
Drg.No WTAC 4-0-3-405 ,alternator ICF Alt-a/Nil ,,,,,,
DRG.NO T-5-5-527 ,ALT.P/18 ,,,,,,
,,,,,,,
,,,,,sktop computer preloaded operating system equivalent model No 280 ,,
Drg.No T-0-3-678 ,Alternator Non-AC Coaches ICF Col-2 ,,,,,,
,,,,,,,
DRG NO.DMU/DPC-0-4-001 ,ALT-M/8 ,,,,,,
,Alt B ,,,,,,
,,,,,,,
,,,,,,,
,,,,,,,
Drg.No.CG-11085 ,Alt.3 ,,,,,,
DRG NO DMU/DPC-0-3-009 ,ALT-F Note Offers RCF/ICF approved sources considered ,,,,,,
,,,,,,,
DRG NO DMU/DPC5-0-3 -- 501 ,ALT-w/5 ,,,,,,
DRG.NO -DMU/DPC10-0-4-001 ,ALT-D ,,,,,,
,,,,,,,
,,,,,sk One time use throw cloth Note Fabric mask 3 ,,
,,SPECN.NO.TI/SPC/OHE/TOOL SPL/0990.RDSO ,,,,,
DRG.NO LWGFAC-2-1-001 ,ALT A .ONE COUPLER SET SHALL CONSIST OF THE FOLLOWING.1.,,,,,QTY-1 ,REV-01 
,,,,,,,
DRG.NO.WD-90007/,ALT-13 ,,,,,,
DRG.NO.WD.00006-,ALT-3 ,,,AMEND.NO.1 ,,,
DRG NO CONTR 9404-,ALT 7 ,,ITEM NO.17 ,AMDT NO.1 ,,,REV-2 
,,,,,,,
,,,,,,,
DRG NO 3 ,,,,,,,
DRG NO RITES/TP-9405-,ALT 8 ,,,,,,
,,,,,,,
,,,,,,,
,,,,,,,
,,,,,,,
,,,,,,,
DRG NO 3 ,,,,,,,
DRG NO CONTR-9404 ,ALT 7 ,,,,,,
DRG NO CONTR 9404 5/8 ,ALT 11 ,,,AMDT NO.1 ,,,REV.2 
DRG NO WD-96031-,,,,,,,
DRG NO CONTR 9404-,ALT 7 ,,ITEM NO 9 ,AMDT NO 1 ,,,REV 2 
DRG NO RITES/TP-9405-,ALT 8 ,,,,,,
,,,,,,,
DRG NO RITES/TP 9405-,ALT 9 ,,ITEM NO 8 ,,,,
DRG.NO LWGFAC-2-1-001 ,ALT A .ONE COUPLER SET SHALL CONSIST OF THE FOLLOWING.1.,,,,,QTY-1 ,REV-01 
,,,,,,,
,,,,,,,
,,,ITEM NO.L FOR NMR COACHES .MATERIAL CAST IRON TO IS 210 ,,,,
,,,,,,,
,,,,,,,
,,,,,,,
,,,,,,,
DRG.NO.WD.82064 ,ALT 12 ,,,,,,
,,,,,SKETCH NO SR/SK C W 4163/,,
DRG.NO.2,,,,,,,
DRG NO RDSO/PE/REV-0 ,,SPECN RDSO/PE/SPEC/AC/0006-2009 ,,,SK/TL-0129-2009 ,,REV-1 
,,,,,,,
,,,,,,,
,,,,,,,REV 00 
,,,,,,,
,,,,,,,
,,,,,,,
,,,,,,,
,,,,,,,
DRG.9405 ,,,ITEM NO.46 ,,,,
DRG NO RITES/TP 9405-,ALT 9 ,,ITEM NO 8 ,,,,
,,,,,,,
,ALT 2 ,,,,,,
,ALT 4 ,,,,,,
DRG NO WD 86013-,,,,,,,
,ALT NIL LATEST ,,,,,,
,ALT 1 ,,,,,,
,,,,,,,
,ALT NIL LATEST ,,,,,,
,ALT 4 ,,,,,,
,ALT /LATEST ,,,,,,
,,,,,,,
,,,,,,,
,ALT /LATEST ,,,,,,
,ALT NIL LATEST ,,,,,,
,ALT 1 ,,,,,,
,ALT 6 ,,,,,,
DRG NO WD 01065/,ALT NIL AND TO SPEC NO APPENDIX P OF 02- ,,,,,,
,,,,,,,
DRG NO WD 01065/,ALT NIL AND TO SPEC NO APPENDIX P OF 02- ,,,,,,
,ALT 1 ,,,,,,
,ALT NIL LATEST ,,,,,,
,,,,,,,
,ALT 1 /,,,,,,
DRG NO WD 86013-,,,,,,,
,ALT 4 ,,,,,,
,ALT 1 /,,,,,,
,ALT 4 ,,,,,,
,ALT 4 ,,,,,,
,ALT 4 ,,,,,,
DRG.NO.2,,,,,,,
,,,,,,,
,,,,,,,REV 00 
,ALT NIL LATEST ,,,,,,
DRG NO WD 01065/,ALT NIL AND TO SPEC NO APPENDIX P OF 02- ,,,,,,
,ALT 4 ,,,,,,
DRG.NO.CONTR.9405 ,ALT 10 ,,ITEM NO.67 ,,,,
,,,,,,,
,,,,,,,
,ALT 4 ,,,,,,
,,,,,,,
DRG NO WD 01065/,ALT NIL AND TO SPEC NO APPENDIX P OF 02- ,,,,,,
,ALT 4 ,,,,,,
,,,,,,,
,,,,,,,
,,,,,,,
,,,,,,,REV 00 
,,,,,,,
,,,,,,,
DRG NO KBB67284 ,,,,,,,
DRG NO 166329 ,,,,,,,
DRG NO.KBB67285 ,,,,,,,
,,,,,,,
,,,,,,,
,,,,,,,
,ALT 4 ,,,,,,
DRG NO.43152 ,,,,,,,
,ALT 4 ,,,,,,
,,,,,,,
,ALT 4 ,,,,,,
DRG NO C W 4163/,ALT NIL ,,,,,,
DRG.NO.M/S.HOLLAND COMPANY PART NO.61812-1 ,,,,,,,
DRG.NO.WD.82064 ,ALT 12 ,,,,,,
DRG NO RDSO/PE/REV-0 ,,SPECN RDSO/PE/SPEC/AC/0006-2009 ,,,SK/TL-0129-2009 ,,REV-1 
DRG.NO.2,,,,,,,
,,,,,SKETCH NO SR/SK C W 4163/,,
,,SPECN.NO.TI/SPC/OHE/TOOL SPL/0990 ,,,,,
,,,,,,,
,,,,,,,
,,,,,,,
,,,,AMENDED AS ON 09.09.2008 ,,,REV-01 
,,,,,,,
DRG NO WITH ALT.34 ,,,,,SK 69594 ,,
,,,,,,,
,,,,,,,
,,,,,,,REVOLUTION SIX DIGIT CE MAKE COUNTERS 
,,,,,,,
,,SPECN.NO.TI/SPC/OHE/TOOL SPL/0990 ,,,,,
,,,,,,,
,,,,,,,REVOLUTION SIX DIGIT CE MAKE COUNTERS 
,,,,,,,
,,,,,,,
DRG NO C W 4163/,ALT NIL ,,,,,,
DRG NO.RDSO ALT 25 ,,,,AMENDMENT NO.1 ,SK.62724 ,,REV.0 
,,,,,,,
DRG.OLIVE GREEN COLOUR ,,,,,SK 1216.,,
DRG.No.CONTR 9404 ,ALT 7 ,,,,,,REV 3 
DRG.NO CONTR 9404 ,,SPECN.WD-010HLS-94 JAN09 ,,,,,REV.3 
DRG.No CONTR-9404 ,ALT 7 ,,,,,,
DRG No ITEM 8 ,ALT 24 ,,,,SK.62724 ,,REV.0 
,,,,,,,
DRG.NO.ITEM NO 6 ,ALT 34 ,,,,SK 69594 ,,
,,,,,,,
DRG.No.3 ,,,,,,,
,ALT.23 ,,,,SK-62724 ,,
DRG No WD-92051-,ALT 4 ,,,,,,
DRG.NO.WD-01011-,ALT-5 ,,,,,,
DRG.NO.W/DW-196 ,ALT.NO.2 ,,,,,,
DRG.NO.J TD/CW/PER.SR.,,,,,SK.1091 ,,
DRG.NO.WA/DW-192 ,ALT.1 ,,,,,,
DRG.NO.CONTR.9405 ,ALT 11 ,,ITEM NO.20 ,AMENDMENT NO.3 ,,,
DRG.NO.ALT.5 ,,,ITEM NO.14 ,,SK-77536 ,,
,ALT.5 ,,ITEM NO.7 ,,SK-77550 ,,
DRG.NO.W/DW-199 ,ALT NO.3 ,,,,,,
DRG NO WD 92081 ,ALT.10 ,,,,,,
,,,,,,,
DRG.NO.,,,,,SK 1120 ,,
,,,,,,,
DRG.NO.WD-08093-,ALT.2 ,,ITEM NO.3 ,,,,
DRG.NO.3 ,,,,,,,
,ALT.NO.3 ,,"ITEM NO,1 ",,SK-77549 ,,
DRG.NO.WD-93061-,ALT 1 ,,ITEM NO.4 ,AMENDMENTS 2 ,,,
DRG.NO.09034-,ALT.5 ,,ITEM NO.21 ,,,,
DRG.NO.ICF/STD 6-4-022 ,ALT K ,,,,,,
,,,,,,,
DRG NO.RDSO ALT 25 ,,,,AMENDMENT NO.1 ,SK.62724 ,,REV.0 
DRG.NO AAL-021101 ,ALT.8 ,,ITEM NO.1 ,,,,
DRG.NO.M/S.HOLLAND CO. PT NO.70260 ,ALT ,,,,,,
DRG.NO.W/DW-198 ,ALT.NO.2 ,,,,,,
DRG.NO W/DW-195 ,ALT-2 ,,,,,,
DRG.NO.WD-08093-,ALT-2 ,,ITEM NO.4 ,,,,
DRG.NO.WD-08093-,ALT-2 ,,ITEM NO.5 ,,,,
DRG.NO.WD-08093-,ALT-2 ,,ITEM NO.6 ,,,,
,,,,,,,
,,,,,,,
DRG.NO.WD-93061-,ALT 1 ,,ITEM NO.4 ,AMENDMENTS 2 ,,,
DRG.NO.3,,,,,,,
,,,,,,,
DRG.NO.ICF/ALT.d ,,,,,SK.NO.4-3-082-,,
,,,,,,,
DRG.NO.W/BG-6186 ,,,,,,,
,,,,,,,
,,,,,,,
,,,,,,,
,ALT:2 ,,,,,,
,,,,,,,
,,,,,,,
,,,,,,,
,,,,,,,
,,,,,,,
,,,,,,,
,,,,,,,
,,,,,,,
,,,,,,,
,ALT-III ,,,,,,
,,,,,,,
,,,,,,,
Drg No TRD/OHE/261/,,,,,,,
,,,,,,,
,,,,,,,
,,,,,,,
,,,,,,,
,,,,,,,
DRG NO ITEM NO.1 10 ,ALT.23 ,,,,SK-62724 ,,REV.1 
DRG NO ITEM NO.1 10 ,ALT.23 ,,,,SK-62724 ,,REV.1 
,,,,,,,
,,,,,,,
DRG NO ITEM NO.1 10 ,ALT.23 ,,,,SK-62724 ,,REV.1 
,,,,,,,
,,,,,,,
drg ICF/STD-4-3-004 ,ALT C ,,,,,,
Drg No TRD/OHE/261/,,,,,,,
DRG NO C/LF-217,ALT-2 ,,,,,,
